text,label,source,n_atoms,stopping_criterion,file_path
"A geometry optimization using LJ/cut was run on 4 atoms under periodic boundary conditions. The relaxation satisfied both the energy and force tolerance criteria. Final energetics: potential energy = -70.4177 eV, total energy = -70.1850 eV.",1,lammps_conv_lj,4,Converged,lammps_conv_lj_0
An energy minimization run with LJ/cut interactions on a 4-atom system satisfied both the energy and force tolerance criteria. The final potential energy recorded was -70.4177 eV. Pressure at the end of the run was 7576.0488 bar.,1,lammps_conv_lj,4,Converged,lammps_conv_lj_1
Structural relaxation was attempted on a 4-atom FCC Nickel configuration using a LJ/cut force field. The optimizer satisfied both the energy and force tolerance criteria after 308 steps. Total energy at the final step: -70.1850 eV.,1,lammps_conv_lj,4,Converged,lammps_conv_lj_2
The LJ/cut potential was used to relax a 4-atom metallic system. Minimization satisfied both the energy and force tolerance criteria at step 308. The potential energy at the end of the run was -70.4177 eV and the instantaneous pressure was 7576.0488 bar.,1,lammps_conv_lj,4,Converged,lammps_conv_lj_3
A structural relaxation of 4 atoms using the LJ/cut potential was performed. The minimization satisfied both the energy and force tolerance criteria. At termination the potential energy was -70.4177 eV and the total energy was -70.1850 eV. The simulation ran for 308 steps.,1,lammps_conv_lj,4,Converged,lammps_conv_lj_4
"A geometry optimization using LJ/cut was run on 4 atoms under periodic boundary conditions. The relaxation terminated after reaching the maximum iteration limit without satisfying convergence criteria. Final energetics: potential energy = 459.6945 eV, total energy = 459.9272 eV.",0,lammps_relax_maxiter_lj,4,Unconverged,lammps_relax_maxiter_lj_0
Structural relaxation was attempted on a 4-atom FCC Nickel configuration using a LJ/cut force field. The optimizer terminated after reaching the maximum iteration limit without satisfying convergence criteria after 10 steps. Total energy at the final step: 459.9272 eV.,0,lammps_relax_maxiter_lj,4,Unconverged,lammps_relax_maxiter_lj_1
A structural relaxation of 4 atoms using the LJ/cut potential was performed. The minimization terminated after reaching the maximum iteration limit without satisfying convergence criteria. At termination the potential energy was 459.6945 eV and the total energy was 459.9272 eV. The simulation ran for 10 steps.,0,lammps_relax_maxiter_lj,4,Unconverged,lammps_relax_maxiter_lj_2
The LJ/cut potential was used to relax a 4-atom metallic system. Minimization terminated after reaching the maximum iteration limit without satisfying convergence criteria at step 10. The potential energy at the end of the run was 459.6945 eV and the instantaneous pressure was 148097280.0000 bar.,0,lammps_relax_maxiter_lj,4,Unconverged,lammps_relax_maxiter_lj_3
An energy minimization run with LJ/cut interactions on a 4-atom system terminated after reaching the maximum iteration limit without satisfying convergence criteria. The final potential energy recorded was 459.6945 eV. Pressure at the end of the run was 148097280.0000 bar.,0,lammps_relax_maxiter_lj,4,Unconverged,lammps_relax_maxiter_lj_4
"A geometry optimization using LJ/cut was run on 4 atoms under periodic boundary conditions. The relaxation satisfied both the energy and force tolerance criteria. Final energetics: potential energy = -70.4177 eV, total energy = -70.1851 eV.",1,lammps_relax_linesearch_lj,4,Converged,lammps_relax_linesearch_lj_0
An energy minimization run with LJ/cut interactions on a 4-atom system satisfied both the energy and force tolerance criteria. The final potential energy recorded was -70.4177 eV. Pressure at the end of the run was 6263.8935 bar.,1,lammps_relax_linesearch_lj,4,Converged,lammps_relax_linesearch_lj_1
Structural relaxation was attempted on a 4-atom FCC Nickel configuration using a LJ/cut force field. The optimizer satisfied both the energy and force tolerance criteria after 314 steps. Total energy at the final step: -70.1851 eV.,1,lammps_relax_linesearch_lj,4,Converged,lammps_relax_linesearch_lj_2
A structural relaxation of 4 atoms using the LJ/cut potential was performed. The minimization satisfied both the energy and force tolerance criteria. At termination the potential energy was -70.4177 eV and the total energy was -70.1851 eV. The simulation ran for 314 steps.,1,lammps_relax_linesearch_lj,4,Converged,lammps_relax_linesearch_lj_3
The LJ/cut potential was used to relax a 4-atom metallic system. Minimization satisfied both the energy and force tolerance criteria at step 314. The potential energy at the end of the run was -70.4177 eV and the instantaneous pressure was 6263.8935 bar.,1,lammps_relax_linesearch_lj,4,Converged,lammps_relax_linesearch_lj_4
"A constant-pressure, constant-temperature MD run using NequIP was carried out on unknown atoms at 600 K under elevated pressure. After 10000 steps the total energy was -29.5937 eV and pressure was 0.05 bar. The configuration ran to completion.",1,lammps_nequip_relax_converged,,Converged,lammps_nequip_relax_converged_0
"A NequIP simulation in the NPT ensemble at 600 K was run on unknown atoms under high external pressure for 10000 steps. At termination: T = 491.7 K, PE = -30.0386 eV, E_total = -29.5937 eV, P = 0.05 bar. The system ran to completion.",1,lammps_nequip_relax_converged,,Converged,lammps_nequip_relax_converged_1
"An NPT molecular dynamics simulation of unknown atoms with NequIP interactions was performed at 600 K under high applied pressure for 10000 steps. The system ran to completion. Final temperature: 491.7 K, potential energy: -30.0386 eV, pressure: 0.05 bar.",1,lammps_nequip_relax_converged,,Converged,lammps_nequip_relax_converged_2
NPT dynamics at 600 K and high pressure were applied to a unknown-atom NequIP system over 10000 steps. The final potential energy was -30.0386 eV. The system ran to completion.,1,lammps_nequip_relax_converged,,Converged,lammps_nequip_relax_converged_3
"Using a Parrinello-Rahman barostat and Nose-Hoover thermostat, a NequIP NPT simulation of unknown atoms was run at 600 K under high pressure for 10000 steps. Final state: potential energy = -30.0386 eV, pressure = 0.05 bar. The system ran to completion.",1,lammps_nequip_relax_converged,,Converged,lammps_nequip_relax_converged_4
"Using a Parrinello-Rahman barostat and Nose-Hoover thermostat, a NequIP NPT simulation of unknown atoms was run at 600 K under high pressure for 10000 steps. Final state: potential energy = -29.3500 eV, pressure = 0.02 bar. The system ran to completion. Dangerous neighbor list builds were detected, suggesting atomic overlaps or instability.",0,lammps_nequip_relax_maxiter,,Unconverged,lammps_nequip_relax_maxiter_0
"An NPT molecular dynamics simulation of unknown atoms with NequIP interactions was performed at 600 K under high applied pressure for 10000 steps. The system ran to completion. Final temperature: 579.2 K, potential energy: -29.3500 eV, pressure: 0.02 bar. Dangerous neighbor list builds were detected, suggesting atomic overlaps or instability.",0,lammps_nequip_relax_maxiter,,Unconverged,lammps_nequip_relax_maxiter_1
"A constant-pressure, constant-temperature MD run using NequIP was carried out on unknown atoms at 600 K under elevated pressure. After 10000 steps the total energy was -28.8259 eV and pressure was 0.02 bar. The configuration ran to completion. Dangerous neighbor list builds were detected, suggesting atomic overlaps or instability.",0,lammps_nequip_relax_maxiter,,Unconverged,lammps_nequip_relax_maxiter_2
"NPT dynamics at 600 K and high pressure were applied to a unknown-atom NequIP system over 10000 steps. The final potential energy was -29.3500 eV. The system ran to completion. Dangerous neighbor list builds were detected, suggesting atomic overlaps or instability.",0,lammps_nequip_relax_maxiter,,Unconverged,lammps_nequip_relax_maxiter_3
"A NequIP simulation in the NPT ensemble at 600 K was run on unknown atoms under high external pressure for 10000 steps. At termination: T = 579.2 K, PE = -29.3500 eV, E_total = -28.8259 eV, P = 0.02 bar. The system ran to completion. Dangerous neighbor list builds were detected, suggesting atomic overlaps or instability.",0,lammps_nequip_relax_maxiter,,Unconverged,lammps_nequip_relax_maxiter_4
The LJ/cut potential was used to relax a 4-atom metallic system. Minimization satisfied both the energy and force tolerance criteria at step 138. The potential energy at the end of the run was -70.4177 eV and the instantaneous pressure was 6263.3716 bar.,1,lammps_lj_relax_compressed,4,Converged,lammps_lj_relax_compressed_0
Structural relaxation was attempted on a 4-atom FCC Nickel configuration using a LJ/cut force field. The optimizer satisfied both the energy and force tolerance criteria after 138 steps. Total energy at the final step: -70.1851 eV.,1,lammps_lj_relax_compressed,4,Converged,lammps_lj_relax_compressed_1
An energy minimization run with LJ/cut interactions on a 4-atom system satisfied both the energy and force tolerance criteria. The final potential energy recorded was -70.4177 eV. Pressure at the end of the run was 6263.3716 bar.,1,lammps_lj_relax_compressed,4,Converged,lammps_lj_relax_compressed_2
A structural relaxation of 4 atoms using the LJ/cut potential was performed. The minimization satisfied both the energy and force tolerance criteria. At termination the potential energy was -70.4177 eV and the total energy was -70.1851 eV. The simulation ran for 138 steps.,1,lammps_lj_relax_compressed,4,Converged,lammps_lj_relax_compressed_3
"A geometry optimization using LJ/cut was run on 4 atoms under periodic boundary conditions. The relaxation satisfied both the energy and force tolerance criteria. Final energetics: potential energy = -70.4177 eV, total energy = -70.1851 eV.",1,lammps_lj_relax_compressed,4,Converged,lammps_lj_relax_compressed_4
"A geometry optimization using LJ/cut was run on 4 atoms under periodic boundary conditions. The relaxation satisfied both the energy and force tolerance criteria. Final energetics: potential energy = -70.4177 eV, total energy = -70.1850 eV.",1,lammps_lj_relax_stretched,4,Converged,lammps_lj_relax_stretched_0
An energy minimization run with LJ/cut interactions on a 4-atom system satisfied both the energy and force tolerance criteria. The final potential energy recorded was -70.4177 eV. Pressure at the end of the run was 7576.0488 bar.,1,lammps_lj_relax_stretched,4,Converged,lammps_lj_relax_stretched_1
A structural relaxation of 4 atoms using the LJ/cut potential was performed. The minimization satisfied both the energy and force tolerance criteria. At termination the potential energy was -70.4177 eV and the total energy was -70.1850 eV. The simulation ran for 984 steps.,1,lammps_lj_relax_stretched,4,Converged,lammps_lj_relax_stretched_2
Structural relaxation was attempted on a 4-atom FCC Nickel configuration using a LJ/cut force field. The optimizer satisfied both the energy and force tolerance criteria after 984 steps. Total energy at the final step: -70.1850 eV.,1,lammps_lj_relax_stretched,4,Converged,lammps_lj_relax_stretched_3
The LJ/cut potential was used to relax a 4-atom metallic system. Minimization satisfied both the energy and force tolerance criteria at step 984. The potential energy at the end of the run was -70.4177 eV and the instantaneous pressure was 7576.0488 bar.,1,lammps_lj_relax_stretched,4,Converged,lammps_lj_relax_stretched_4
Structural relaxation was attempted on a 4-atom FCC Nickel configuration using a LJ/cut force field. The optimizer satisfied both the energy and force tolerance criteria after 1517 steps. Total energy at the final step: -70.1850 eV.,1,lammps_lj_relax_displaced,4,Converged,lammps_lj_relax_displaced_0
"A geometry optimization using LJ/cut was run on 4 atoms under periodic boundary conditions. The relaxation satisfied both the energy and force tolerance criteria. Final energetics: potential energy = -70.4177 eV, total energy = -70.1850 eV.",1,lammps_lj_relax_displaced,4,Converged,lammps_lj_relax_displaced_1
An energy minimization run with LJ/cut interactions on a 4-atom system satisfied both the energy and force tolerance criteria. The final potential energy recorded was -70.4177 eV. Pressure at the end of the run was 1918.2990 bar.,1,lammps_lj_relax_displaced,4,Converged,lammps_lj_relax_displaced_2
A structural relaxation of 4 atoms using the LJ/cut potential was performed. The minimization satisfied both the energy and force tolerance criteria. At termination the potential energy was -70.4177 eV and the total energy was -70.1850 eV. The simulation ran for 1517 steps.,1,lammps_lj_relax_displaced,4,Converged,lammps_lj_relax_displaced_3
The LJ/cut potential was used to relax a 4-atom metallic system. Minimization satisfied both the energy and force tolerance criteria at step 1517. The potential energy at the end of the run was -70.4177 eV and the instantaneous pressure was 1918.2990 bar.,1,lammps_lj_relax_displaced,4,Converged,lammps_lj_relax_displaced_4
A structural relaxation of 4 atoms using the LJ/cut potential was performed. The minimization terminated after reaching the maximum iteration limit without satisfying convergence criteria. At termination the potential energy was 506.6952 eV and the total energy was 506.9278 eV. The simulation ran for 5 steps.,0,lammps_lj_relax_maxiter5,4,Unconverged,lammps_lj_relax_maxiter5_0
An energy minimization run with LJ/cut interactions on a 4-atom system terminated after reaching the maximum iteration limit without satisfying convergence criteria. The final potential energy recorded was 506.6952 eV. Pressure at the end of the run was 162719180.0000 bar.,0,lammps_lj_relax_maxiter5,4,Unconverged,lammps_lj_relax_maxiter5_1
"A geometry optimization using LJ/cut was run on 4 atoms under periodic boundary conditions. The relaxation terminated after reaching the maximum iteration limit without satisfying convergence criteria. Final energetics: potential energy = 506.6952 eV, total energy = 506.9278 eV.",0,lammps_lj_relax_maxiter5,4,Unconverged,lammps_lj_relax_maxiter5_2
Structural relaxation was attempted on a 4-atom FCC Nickel configuration using a LJ/cut force field. The optimizer terminated after reaching the maximum iteration limit without satisfying convergence criteria after 5 steps. Total energy at the final step: 506.9278 eV.,0,lammps_lj_relax_maxiter5,4,Unconverged,lammps_lj_relax_maxiter5_3
The LJ/cut potential was used to relax a 4-atom metallic system. Minimization terminated after reaching the maximum iteration limit without satisfying convergence criteria at step 5. The potential energy at the end of the run was 506.6952 eV and the instantaneous pressure was 162719180.0000 bar.,0,lammps_lj_relax_maxiter5,4,Unconverged,lammps_lj_relax_maxiter5_4
"A geometry optimization using LJ/cut was run on 4 atoms under periodic boundary conditions. The relaxation terminated after reaching the maximum iteration limit without satisfying convergence criteria. Final energetics: potential energy = 376.6394 eV, total energy = 376.8721 eV.",0,lammps_lj_relax_maxiter20,4,Unconverged,lammps_lj_relax_maxiter20_0
A structural relaxation of 4 atoms using the LJ/cut potential was performed. The minimization terminated after reaching the maximum iteration limit without satisfying convergence criteria. At termination the potential energy was 376.6394 eV and the total energy was 376.8721 eV. The simulation ran for 20 steps.,0,lammps_lj_relax_maxiter20,4,Unconverged,lammps_lj_relax_maxiter20_1
Structural relaxation was attempted on a 4-atom FCC Nickel configuration using a LJ/cut force field. The optimizer terminated after reaching the maximum iteration limit without satisfying convergence criteria after 20 steps. Total energy at the final step: 376.8721 eV.,0,lammps_lj_relax_maxiter20,4,Unconverged,lammps_lj_relax_maxiter20_2
An energy minimization run with LJ/cut interactions on a 4-atom system terminated after reaching the maximum iteration limit without satisfying convergence criteria. The final potential energy recorded was 376.6394 eV. Pressure at the end of the run was 122663970.0000 bar.,0,lammps_lj_relax_maxiter20,4,Unconverged,lammps_lj_relax_maxiter20_3
The LJ/cut potential was used to relax a 4-atom metallic system. Minimization terminated after reaching the maximum iteration limit without satisfying convergence criteria at step 20. The potential energy at the end of the run was 376.6394 eV and the instantaneous pressure was 122663970.0000 bar.,0,lammps_lj_relax_maxiter20,4,Unconverged,lammps_lj_relax_maxiter20_4
"A geometry optimization using EAM was run on 4 atoms under periodic boundary conditions. The relaxation satisfied both the energy and force tolerance criteria. Final energetics: potential energy = -17.8000 eV, total energy = -17.5673 eV.",1,lammps_eam_relax_compressed,4,Converged,lammps_eam_relax_compressed_0
The EAM potential was used to relax a 4-atom metallic system. Minimization satisfied both the energy and force tolerance criteria at step 175. The potential energy at the end of the run was -17.8000 eV and the instantaneous pressure was 5698.0781 bar.,1,lammps_eam_relax_compressed,4,Converged,lammps_eam_relax_compressed_1
Structural relaxation was attempted on a 4-atom FCC Nickel configuration using a EAM force field. The optimizer satisfied both the energy and force tolerance criteria after 175 steps. Total energy at the final step: -17.5673 eV.,1,lammps_eam_relax_compressed,4,Converged,lammps_eam_relax_compressed_2
An energy minimization run with EAM interactions on a 4-atom system satisfied both the energy and force tolerance criteria. The final potential energy recorded was -17.8000 eV. Pressure at the end of the run was 5698.0781 bar.,1,lammps_eam_relax_compressed,4,Converged,lammps_eam_relax_compressed_3
A structural relaxation of 4 atoms using the EAM potential was performed. The minimization satisfied both the energy and force tolerance criteria. At termination the potential energy was -17.8000 eV and the total energy was -17.5673 eV. The simulation ran for 175 steps.,1,lammps_eam_relax_compressed,4,Converged,lammps_eam_relax_compressed_4
A structural relaxation of 4 atoms using the EAM potential was performed. The minimization satisfied both the energy and force tolerance criteria. At termination the potential energy was -17.8000 eV and the total energy was -17.5673 eV. The simulation ran for 532 steps.,1,lammps_eam_relax_stretched,4,Converged,lammps_eam_relax_stretched_0
Structural relaxation was attempted on a 4-atom FCC Nickel configuration using a EAM force field. The optimizer satisfied both the energy and force tolerance criteria after 532 steps. Total energy at the final step: -17.5673 eV.,1,lammps_eam_relax_stretched,4,Converged,lammps_eam_relax_stretched_1
The EAM potential was used to relax a 4-atom metallic system. Minimization satisfied both the energy and force tolerance criteria at step 532. The potential energy at the end of the run was -17.8000 eV and the instantaneous pressure was 5709.8664 bar.,1,lammps_eam_relax_stretched,4,Converged,lammps_eam_relax_stretched_2
"A geometry optimization using EAM was run on 4 atoms under periodic boundary conditions. The relaxation satisfied both the energy and force tolerance criteria. Final energetics: potential energy = -17.8000 eV, total energy = -17.5673 eV.",1,lammps_eam_relax_stretched,4,Converged,lammps_eam_relax_stretched_3
An energy minimization run with EAM interactions on a 4-atom system satisfied both the energy and force tolerance criteria. The final potential energy recorded was -17.8000 eV. Pressure at the end of the run was 5709.8664 bar.,1,lammps_eam_relax_stretched,4,Converged,lammps_eam_relax_stretched_4
A structural relaxation of 4 atoms using the EAM potential was performed. The minimization satisfied both the energy and force tolerance criteria. At termination the potential energy was -17.8000 eV and the total energy was -17.5673 eV. The simulation ran for 1203 steps.,1,lammps_eam_relax_displaced,4,Converged,lammps_eam_relax_displaced_0
"A geometry optimization using EAM was run on 4 atoms under periodic boundary conditions. The relaxation satisfied both the energy and force tolerance criteria. Final energetics: potential energy = -17.8000 eV, total energy = -17.5673 eV.",1,lammps_eam_relax_displaced,4,Converged,lammps_eam_relax_displaced_1
Structural relaxation was attempted on a 4-atom FCC Nickel configuration using a EAM force field. The optimizer satisfied both the energy and force tolerance criteria after 1203 steps. Total energy at the final step: -17.5673 eV.,1,lammps_eam_relax_displaced,4,Converged,lammps_eam_relax_displaced_2
An energy minimization run with EAM interactions on a 4-atom system satisfied both the energy and force tolerance criteria. The final potential energy recorded was -17.8000 eV. Pressure at the end of the run was 5703.7700 bar.,1,lammps_eam_relax_displaced,4,Converged,lammps_eam_relax_displaced_3
The EAM potential was used to relax a 4-atom metallic system. Minimization satisfied both the energy and force tolerance criteria at step 1203. The potential energy at the end of the run was -17.8000 eV and the instantaneous pressure was 5703.7700 bar.,1,lammps_eam_relax_displaced,4,Converged,lammps_eam_relax_displaced_4
Structural relaxation was attempted on a 4-atom FCC Nickel configuration using a EAM force field. The optimizer terminated after reaching the maximum iteration limit without satisfying convergence criteria after 5 steps. Total energy at the final step: -5.9365 eV.,0,lammps_eam_relax_maxiter5,4,Unconverged,lammps_eam_relax_maxiter5_0
"A geometry optimization using EAM was run on 4 atoms under periodic boundary conditions. The relaxation terminated after reaching the maximum iteration limit without satisfying convergence criteria. Final energetics: potential energy = -6.1692 eV, total energy = -5.9365 eV.",0,lammps_eam_relax_maxiter5,4,Unconverged,lammps_eam_relax_maxiter5_1
The EAM potential was used to relax a 4-atom metallic system. Minimization terminated after reaching the maximum iteration limit without satisfying convergence criteria at step 5. The potential energy at the end of the run was -6.1692 eV and the instantaneous pressure was 303192.6800 bar.,0,lammps_eam_relax_maxiter5,4,Unconverged,lammps_eam_relax_maxiter5_2
An energy minimization run with EAM interactions on a 4-atom system terminated after reaching the maximum iteration limit without satisfying convergence criteria. The final potential energy recorded was -6.1692 eV. Pressure at the end of the run was 303192.6800 bar.,0,lammps_eam_relax_maxiter5,4,Unconverged,lammps_eam_relax_maxiter5_3
A structural relaxation of 4 atoms using the EAM potential was performed. The minimization terminated after reaching the maximum iteration limit without satisfying convergence criteria. At termination the potential energy was -6.1692 eV and the total energy was -5.9365 eV. The simulation ran for 5 steps.,0,lammps_eam_relax_maxiter5,4,Unconverged,lammps_eam_relax_maxiter5_4
